{
    "r2_score": 0.0010064522921799934,
    "rmse": 2459.119307143022,
    "intercept": 636.7517423006567,
    "coefficient": 132.12786522822594,
    "data_shape": [
        40540,
        2
    ]
}